model,RMSE,MAE,MAPE
Classical_XGBoost_or_GBR,4.391547045456366,3.633881469659169,73.32561357863804
LSTM_direct_24_to_12,5.13566737916525,4.612548583653768,78.48885525829071
